<?xml version="1.0" encoding="utf-8"?>
<extension type="module" version="3.1" client="site" method="upgrade">
    <name>mod_out_categories</name>
    <author>Big Boss!</author>
    <creationDate>Septemver 2025</creationDate>
    <copyright>Copyright (C) 2005 - 2025 Open Source Matters. All rights reserved.</copyright>
    <license>GNU General Public License version 2 or later; see LICENSE.txt</license>
    <authorEmail>admin@joomla.org</authorEmail>
    <authorUrl>www.joomla.org</authorUrl>
    <version>3.0.0</version>
    <description>MOD_OUT_CATEGORIES_XML_DESCRIPTION</description>

    <files>
        <filename module="mod_out_categories">mod_out_categories.php</filename>
        <filename>index.html</filename>
    </files>

    <languages>
        <language tag="en-GB">language/en-GB/en-GB.mod_out_categories.ini</language>
        <language tag="en-GB">language/en-GB/en-GB.mod_out_categories.sys.ini</language>
    </languages>

    <config>
        <fields name="params">

            <fieldset name="basic">
                <field name="hierarchy_mode" type="radio" default="1"
                    label="MOD_OUT_CATEGORIES_FIELD_HIERARCHY_MODE"
                    description="MOD_OUT_CATEGORIES_FIELD_HIERARCHY_MODE_DESC" >
                    <option value="0">MOD_OUT_CATEGORIES_FIELD_HIERARCHY_MODE_ON</option>
                    <option value="1">MOD_OUT_CATEGORIES_FIELD_HIERARCHY_MODE_OFF</option>
                </field>
                <field name="title_case" type="radio"
                    label="MOD_OUT_CATEGORIES_FIELD_TITLE_CASE"
                    description="MOD_OUT_CATEGORIES_FIELD_TITLE_CASE_DESC" default="2">
                    <option value="0">MOD_OUT_CATEGORIES_FIELD_TITLE_UPPERCASE</option>
                    <option value="1">MOD_OUT_CATEGORIES_FIELD_TITLE_LOWERCASE</option>
                    <option value="2">MOD_OUT_CATEGORIES_FIELD_TITLE_FIRST_UPPERCASE</option>
                </field>
            </fieldset>

            <fieldset name="advanced">
                <field name="layout" type="modulelayout" label="JFIELD_ALT_LAYOUT_LABEL"
                    description="JFIELD_ALT_MODULE_LAYOUT_DESC" />
                <field name="moduleclass_sfx" type="textarea"
                    label="COM_MODULES_FIELD_MODULECLASS_SFX_LABEL"
                    description="COM_MODULES_FIELD_MODULECLASS_SFX_DESC" rows="3" />
                <field name="cache" type="list" label="COM_MODULES_FIELD_CACHING_LABEL"
                    description="COM_MODULES_FIELD_CACHING_DESC" default="1">
                    <option value="1">JGLOBAL_USE_GLOBAL</option>
                    <option value="0">COM_MODULES_FIELD_VALUE_NOCACHING</option>
                </field>
                <field name="cache_time" type="text" label="COM_MODULES_FIELD_CACHE_TIME_LABEL"
                    description="COM_MODULES_FIELD_CACHE_TIME_DESC" default="900" />
            </fieldset>

        </fields>
    </config>
</extension>